Product Name,Rank Category,Rank Title,Review Number,Sold Number,Price,Material,Pieces
 Stainless Steel Magnetic Watchband Compatible With Apple Watch,in Silver Smartwatch Band,#1 Best Sellers,N/A,N/A,3.0,['steel'],
 1pc Braided Watchband Compatible With Apple Watch,in Polyester Electronics,#1 Best Sellers,N/A,N/A,2.97,['braided'],1
 Plain Silicone Watchband Compatible With Apple Watch,N/A,N/A, (1000+) ,N/A,2.4,['silicone'],
 5pcs Silicone Watchband Compatible With Apple Watch,N/A,N/A, (500+) ,50+ sold recently,7.28,['silicone'],5
 Braided Watchband Compatible With Apple Watch,in Polyamide Smart Watches & Accs,#1 Best Sellers,N/A,N/A,2.9,['braided'],
 Silicone Watchband Compatible With Apple Watch,N/A,N/A, (500+) ,N/A,3.3,['silicone'],
" 1pc Compatible with Apple Watch Band 49mm 45mm 44mm 42mm 41mm 40mm 38mm, Business Stainless Steel Metal Watchband Compatible With Apple Watch Band Series 9, Ultra 2, SE, Ultra Series 8 7 6 5 4 3 2 1 Men & Women",N/A,N/A, (1000+) ,200+ sold recently,8.25,"['steel', 'metal']",1
 2 In 1 Waterproof Case & Screen Protection Film Compatible With Apple Watch,in Plastic Smartwatch Band,#1 Best Sellers,N/A,N/A,3.32,[],
 5pcs Plain Silicone Watchband Compatible With Apple Watch,N/A,N/A, (1000+) ,N/A,9.1,['silicone'],5
 Metal Watchband & Case Compatible With Apple Watch,in Rose Gold Smart Watches & Accs,#5 Best Sellers,N/A,N/A,7.1,['metal'],
" 1pc Milanese Soft Steel Mesh Magnetic Buckle Watch Strap  With Apple Watch Band 38mm 40mm 41mm 42mm 44mm 45mm 49mm  Strap Metal Magnetic Bands Stainless Steel Milanese Mesh Loop Sport Replacement Wristband Ultra Apple Watch Series 8 7 6 SE 5 4 3 2 1 For Women & Men - Rose Gold, Silver, Black, Gold, Blue",in Gold Watchbands,#3 Best Sellers,N/A,N/A,3.7,"['steel', 'mesh', 'metal', 'steel', 'mesh']",1
 1pc Flower Print Silicone Watchband Compatible With Apple Watch,N/A,N/A, (1000+) ,200+ sold recently,5.4,['silicone'],1
 Glittering Monochrome Silicone Watch Band Compatible With Apple Watch,in Beige Smartwatch Band,#2 Best Sellers,N/A,N/A,2.7,['silicone'],
 1pc Leopard Print Silicone Watchband Compatible With Apple Watch,in Black Smartwatch Band,#6 Best Sellers,N/A,N/A,3.5,['silicone'],1
 Butterfly Decor Silicone Watchband Compatible With Apple Watch,N/A,N/A, (500+) ,50+ sold recently,4.88,['silicone'],
 1pc Apricot Watchband & Case Compatible With Apple Watch,in Apricot Smart Watches & Accs,#1 Best Sellers,N/A,N/A,4.9,[],1
 1pc Solid Smartwatch Band Compatible With Apple Watch,in Beige Smart Watches & Accs,#10 Best Sellers,N/A,N/A,3.83,[],1
 10pcs Multicolor Silicone Watchband Compatible With Apple Watch,N/A,N/A, (1000+) ,N/A,12.32,['silicone'],10
 2pcs Flower Embossed Silicone Breathable Watchband Compatible With Apple Watch,N/A,N/A, (100+) ,50+ sold recently,5.85,['silicone'],2
" 1pc Black Ultra-thin Soft Waterproof Silicone Watch Band With Rose Gold Bee Shaped Metal Decoration, Creative Replacement Strap Compatible With Apple Watch Series Se/6/5/4/3/2/1 38mm/40mm/41mm/42mm/44mm/45mm For Women's Fashion Decoration",N/A,N/A,N/A,N/A,6.5,"['silicone', 'metal']",1
 Silicone Watchband Compatible With Apple Watch,N/A,N/A, (1000+) ,N/A,2.72,['silicone'],
 Clear Watchband Compatible With Apple Watch,in Clear Smartwatch Band,#6 Best Sellers,N/A,N/A,3.3,[],
 1pc Apple Watch Band Fashion Silver Milanese Loop Apple Strap Compatible With Apple Watch Magnetic Metal Strap Compatible With Apple Watch Band se 40mm 41mm 38mm 42mm 44mm 45mm 49mm Wristband Compatible With Apple Watch Series Ultra SE 8/7/6/5/4/3,N/A,N/A, (100+) ,N/A,3.51,['metal'],1
 1pc Minimalist Watchband Compatible With Apple Watch,N/A,N/A, (1000+) ,100+ sold recently,8.2,[],1
 Plain Silicone Watchband Compatible With Apple Watch,in Dark Green Smart Watches & Accs,#1 Best Sellers,N/A,N/A,2.25,['silicone'],
 1pc Chain Design Watchband Compatible With Apple Watch,N/A,N/A, (1000+) ,100+ sold recently,6.68,[],1
 2 In 1 Watchband & Case Compatible With Apple Watch,in Apricot Smart Watches & Accs,#5 Best Sellers,N/A,N/A,7.8,[],
 2pcs Floral Embossed Silicone Watchband Compatible With Apple Watch,in Multicolor Smartwatch Band,#7 Best Sellers,N/A,N/A,5.1,['silicone'],2
 10pcs Nylon & Silicone Watchband Compatible With Apple Watch,N/A,N/A, (100+) ,N/A,17.8,"['nylon', 'silicone']",10
 1pc Marble Print Watchband Compatible With Apple Watch,N/A,N/A, (1000+) ,N/A,2.48,[],1
 Rhinestone Decor Case & Watchband Compatible With Apple Watch,N/A,N/A, (500+) ,100+ sold recently,7.9,[],
 1pc Colorblock Silicone Case & 1pc Watchband Compatible With Apple Watch,N/A,N/A, (500+) ,N/A,6.6,['silicone'],1
 Leopard Watchband Compatible With Apple Watch,N/A,N/A, (1000+) ,N/A,2.55,[],
 1Pc Starlight Dandelion Flower Engraved Silicone Band Compatible with Apple Watch Bands 38mm 40mm 41mm 42mm 44mm 45mm 49mm Cute Women Wildflowers Floral Design Soft Sport Strap Replacement Wristbands Compatible With Apple Watch  Series Ultra 8 7 6 5 4 3 2,in Apricot Watch Accessories & Tools,#2 Best Sellers,N/A,N/A,2.56,['silicone'],1
 5pcs Silicone Solid Watchband Compatible With Apple Watch,N/A,N/A, (100+) ,N/A,9.7,['silicone'],5
" 3pcs/set Unisex Classic Double Buckle Soft And Waterproof Sports Wristband, Suitable Compatible With Apple Watch Band 44mm/45mm/49mm/38mm/40mm/41mm/42mm, Compatible With Series Ultra/se/8/7/6/5/4/3/2/1",N/A,N/A, (500+) ,50+ sold recently,4.96,[],3
 1pc Floral Engraved Bands Compatible with Apple Watch Band 40mm 41mm 38mm 42mm 44mm 45mm 49mm for Women Girl Cute Fancy Soft Silicone Laser Strap for  Bands All Series 9 8 7 6 5 4 3 2 1 SE Ultra1 Ultra2,N/A,N/A,N/A,N/A,3.0,['silicone'],1
 2 In 1 Watchband & Case Compatible With Apple Watch,N/A,N/A, (1000+) ,N/A,3.7,[],
 Magnetic Milanese Watchband Compatible With Apple Watch,in Black Smart Watches & Accs,#1 Best Sellers,N/A,N/A,3.36,[],
" Woven Nylon Apple Watch Band Compatible With Strap Apple Watch Series 8 Ultra SE/7/6/5/4/3 38-45mm Apple Watch Nylon Bracelet Strap Compatible With Apple Watch Series 8 SE Ultra 38Mm 40Mm 41Mm 42Mm 42Mm 45Mm 49Mm Alpine Ring Strap with Metal Buckle, Compatible With Apple Watch Ultra Apple Watch Accessories",N/A,N/A, (100+) ,50+ sold recently,2.72,"['nylon', 'nylon', 'metal']",
 6pcs Leopard Print Silicone Watchband Compatible With Apple Watch,N/A,N/A,N/A,N/A,14.5,['silicone'],6
 Stainless Steel Watchband Compatible With Apple Watch,N/A,N/A, (1000+) ,300+ sold recently,8.2,['steel'],
" 1pc Fashionable Love Pendant Tassel Beaded Bracelet Apple Watch Strap, Professional Compatible With Latest Apple Watch Ultra 2/1, Se 9/8/7/6/5/4/3/2/1, Sizes: 38/40/41/42/44/45/49mm",N/A,N/A, (500+) ,N/A,6.57,[],1
 3pcs Plain Silicone Watchband Compatible With Apple Watch,N/A,N/A, (1000+) ,N/A,6.4,['silicone'],3
" Suitable For Apple Watch Band Ultra2 For Men And Women, Apple Watch 9/s8/7/6/5/3/2/se, High-end Business Stainless Steel Tri-color Metal Band Compatible With Ultra41/45/49mm & 38/42/40/41/44/45/49mm Wristband",N/A,N/A, (100+) ,N/A,7.5,"['steel', 'metal']",
 Solid Silicone Watchband Compatible With Apple Watch,in Green Smartwatch Band,#1 Best Sellers,N/A,N/A,3.0,['silicone'],
 1pc Silicone Watchband & 1pc Case Compatible With Apple Watch,N/A,N/A, (1000+) ,N/A,4.6,['silicone'],1
 Butterfly Pattern Watchband Compatible With Apple Watch,N/A,N/A, (1000+) ,N/A,3.7,[],
" 2pcs Men's & Women's Rose Gold Business Casual 316 Material Stainless Steel Wire Braided Soft, Breathable & Comfortable Watch Band With Strong Magnetic Clasp And Tpu Soft Watch Protective Cover, Suitable For Apple Watch Band 38/40/41/42/44/45/49mm, Compatible With Apple Watch Ultra2/ultra/9/8/7/6/se/5/4/3. Comfortable To Wear, Easy To Wear. Adjustable Wrist Size Without Tools",N/A,N/A,N/A,N/A,5.04,"['steel', 'braided']",2
 4pcs Silicone Watchband Compatible With Apple Watch,N/A,N/A, (100+) ,N/A,8.1,['silicone'],4
" Fashionable Elastic Floral Watch Band Compatible With Apple Watch 1-9 Generation, 3pcs/set",N/A,N/A, (500+) ,N/A,4.8,['elastic'],3
 Magnetic Silicone Watchband Compatible With Apple Watch,N/A,N/A, (1000+) ,N/A,6.1,['silicone'],
" St.siabe 1pc Women Men Fashionable Casual Cute Monochrome Silicone Butterfly Buckle Watch Bring with Apple Watch Band 38mm 40mm 41mm 45mm 44mm 42mm 49mm Belt, Soft and Comfortable Waterproof Wrist Band Replacement Strap with Apple Watch Ultra Series SE/8/7/6/5/4/3/2/1 Smart watch strap accessories",in  Watchbands ,#7 Best Sellers,N/A,N/A,2.61,['silicone'],1
 Color Block Nylon Watchband Compatible With Apple Watch,in Beige Smartwatch Band,#6 Best Sellers,N/A,N/A,2.1,['nylon'],
 Stainless Steel Watchband Compatible With Apple Watch,N/A,N/A, (500+) ,100+ sold recently,9.9,['steel'],
 4pcs Silicone Watchband Compatible With Apple Watch,N/A,N/A,N/A,N/A,8.1,['silicone'],4
 Nylon Watchband Compatible With Apple Watch,N/A,N/A, (1000+) ,N/A,3.5,['nylon'],
 4pcs Silicone Watchband Compatible With Apple Watch,N/A,N/A, (1000+) ,N/A,8.0,['silicone'],4
" 1pc Fashionable Leopard Carved Watch Band, Waterproof Cheetah Sport Bohemian Pattern Replacement Strap Compatible With 38/40/41/42/44/45/49 Mm For Apple Watch Ultra/se/8/7/6/5/4/3/2/1 Women",N/A,N/A, (100+) ,N/A,3.04,[],1
 2pcs Nylon Watchband & Watch Case Set Compatible With Apple Watch,N/A,N/A, (1000+) ,N/A,4.4,['nylon'],2
 Silicone Watchband Compatible With Apple Watch,N/A,N/A, (1000+) ,N/A,2.03,['silicone'],
" 1pc Men Women Silver Color Fashionable Zinc Alloy Metal Apple Watch Band 38/40/41/42/44/45/49mm, Smart Watch Strap Accessories Compatible With Apple Watch Ultra/SE/8/7/6/5/4/3/2/1",in Silver Watchbands,#2 Best Sellers,N/A,N/A,6.05,['metal'],1
 2 In 1 Rhinestone Decor Zinc Alloy Watchband & Case Compatible With Apple Watch,in Zinc Alloy Smart Watches & Accs,#2 Best Sellers,N/A,N/A,7.95,[],
 5pcs Silicone Watchband Compatible With Apple Watch,N/A,N/A, (500+) ,50+ sold recently,7.52,['silicone'],5
" 2 in 1 Crystal Clear Band with Bumper Case Compatible with Apple Watch 38/40/41/42/44/45mm,Jelly Sports Protective Replacement Wristband Strap for  8/7/6/5/4/3/2/1/SE Women Man",N/A,N/A,N/A,N/A,2.72,[],
 Stainless Steel Watchband Compatible With Apple Watch,N/A,N/A, (1000+) ,N/A,7.0,['steel'],
 1pc Two Tone Silicone Watchband Compatible With Apple Watch,N/A,N/A, (100+) ,N/A,6.0,['silicone'],1
 1pc Double Row Heart Design Metal Watchband Compatible With Apple Watch Series,N/A,N/A,N/A,N/A,9.9,['metal'],1
 Cartoon Astronaut Pattern Silicone Watchband Compatible With Apple Watch,N/A,N/A, (500+) ,N/A,3.7,['silicone'],
 1pc Silicone Smartwatch Band Compatible With Apple Watch,in White Smartwatch Band,#2 Best Sellers,N/A,N/A,2.64,['silicone'],1
 Rhinestone Decor Watchband Compatible With Apple Watch,N/A,N/A, (1000+) ,N/A,4.4,[],
 Striped Nylon Watchband Compatible With Apple Watch,in Fabric Smartwatch Band,#2 Best Sellers,N/A,N/A,2.48,['nylon'],
 Magnetic Stainless Steel Watchband Compatible With Apple Watch,in Light Grey Smart Watches & Accs,#2 Best Sellers,N/A,N/A,3.6,['steel'],
 10pcs Solid Silicone Watchband Compatible With Apple Watch,N/A,N/A,N/A,N/A,19.2,['silicone'],10
" 1pc Compatible With Apple Watch Band For Series 8/7/6/se, Suitable For Women's Daily Wear",N/A,N/A,N/A,N/A,5.5,[],1
 Stainless Steel Watchband & Case Set Compatible With Apple Watch,in Rose Gold Smart Watches & Accs,#7 Best Sellers,N/A,N/A,9.6,['steel'],
" 1pc Black Women's Fashionable Double Row Chain Stainless Steel Watch Band With Rhinestone, Compatible With 38/40/41/42/44/45/49mm Apple Watch Series 8/7/6/5/se",N/A,N/A,N/A,N/A,7.5,['steel'],1
 Plain Silicone Watchband Compatible With Apple Watch,in Silver Smartwatch Band,#9 Best Sellers,N/A,N/A,2.48,['silicone'],
 1pc Unisex Classic Magnetic Mesh Band Sports & Fashion Watch Strap Compatible With Apple Watch Band 45mm 49mm 38mm 40mm 41mm 42mm 44mm & Compatible With Apple Watch Series Ultra/se/8/7/6/5/4/3/2/1,N/A,N/A, (100+) ,N/A,3.44,['mesh'],1
 Flower Engraved Silicone Watchband Compatible With Apple Watch,N/A,N/A, (500+) ,N/A,3.15,['silicone'],
 1pc Stainless Steel Adjustable Watchband Compatible With Apple Watch,N/A,N/A, (100+) ,N/A,8.4,['steel'],1
" Unisex Soft Silicone Hollow-out Cat Claw Sports Watch Band, Compatible With Apple Watch 8 7 6 5 4 3 2 1 Se, 38mm, 40mm, 41mm, 42mm, 44mm, 45mm, 49mm",N/A,N/A, (100+) ,N/A,2.88,['silicone'],
" Engraved Band Compatible with Apple Watch Band 38mm 40mm 41mm 42mm 44mm 45mm 49mm for Women men, Western Lace Silicone Fancy Sport Flower Straps Compatible with Series 9/8/7/6/5/4/3/2/1/SE/UItra",N/A,N/A,N/A,N/A,3.0,['silicone'],
 1pc Hollow Out Waterproof Watchband Compatible With Apple Watch,N/A,N/A, (1000+) ,N/A,3.6,[],1
 Green Watchband Compatible With Apple Watch,N/A,N/A, (500+) ,N/A,8.2,[],
 PU Watchband Compatible With Apple Watch,N/A,N/A, (100+) ,N/A,6.24,[],
 1pc Marble Print Watchband Compatible With Apple Watch,N/A,N/A, (100+) ,N/A,3.08,[],1
 Stainless Steel Rhinestone Decor Watchband Compatible With Apple Watch,N/A,N/A, (100+) ,50+ sold recently,10.8,['steel'],
 2 IN 1 Watch Band and Case Compatible With Apple Watch Series 8 7 6 SE 5 4 3 2 1 Size 41mm 45mm 44mm 40mm Watch Strap and case,N/A,N/A, (100+) ,N/A,4.17,[],
 Floral Pattern Silicone Watchband Compatible With Apple Watch,N/A,N/A,N/A,N/A,4.0,['silicone'],
 1 Piece Beige Unisex Magnetic Mesh Watchbands Compatible With Apple Watch Band 40mm Ultra2 49mm 44mm 40mm 45mm 41mm 42mm 38mm Smart Watch Strap Accessories Strap Bracelet Compatible With Apple watch Series 8 Band 3 6 se 7 8 4 5 9 Smart Watch Accessories,N/A,N/A,N/A,N/A,4.2,['mesh'],1
 PU Leather Solid Color Watchband Compatible With Apple Watch,N/A,N/A, (100+) ,N/A,6.0,['leather'],
 Stainless Steel Watchband Compatible With Apple Watch,N/A,N/A, (1000+) ,50+ sold recently,11.4,['steel'],
 1pc Solid Stainless Steel Watchband Compatible With Apple Watch,N/A,N/A, (1000+) ,N/A,9.7,['steel'],1
 PU Watchband Compatible With Apple Watch,N/A,N/A, (1000+) ,N/A,4.69,[],
 Stainless Steel Watchband Compatible With Apple Watch,N/A,N/A, (100+) ,N/A,11.3,['steel'],
 Plain Silicone Watchband & Case Compatible With Apple Watch,N/A,N/A, (1000+) ,N/A,4.1,['silicone'],
 1pc Stainless Steel Magnetic Watchband Compatible With Apple Watch,N/A,N/A, (1000+) ,N/A,3.38,['steel'],1
 3pcs Silicone Watchband Compatible With Apple Watch,N/A,N/A, (1000+) ,N/A,6.9,['silicone'],3
" 10pcs/set Fashionable Silicone Watch Band Compatible With Apple Watch Ultra/se/8/7/6/5/4/3/2/1, 38/40/41/42/44/45/49mm",N/A,N/A,N/A,N/A,14.64,['silicone'],10
 1pc Unisex Silicone Watch Band Accessory Compatible With Apple Watch S8/ Ultra/se/s7/s6/s5/s4/s3/s2/s1,N/A,N/A,N/A,N/A,4.7,['silicone'],1
 Minimalist Watchband & Case Compatible With Apple Watch,in Apricot Smartwatch Band,#4 Best Sellers,N/A,N/A,6.4,[],
 1pc Women's Silver Pentagram Watch Band Compatible With 38/40/41/42/44/45/49mm Apple Watch,N/A,N/A,N/A,N/A,7.4,[],1
 Stainless Steel Bamboo Style Watch Band Compatible With Apple Watch,N/A,N/A,N/A,N/A,4.24,['steel'],
 Slim & Cute Silicone Sporty Casual Watch Band Compatible With Apple Watch,N/A,N/A,N/A,N/A,3.6,['silicone'],
" 1pc Butterfly & Rhinestone Metal Watch Band, Compatible With 38/40/41/42/44/45/49mm Ultra/se/8/7/6/5/4/3/2/1 Apple Watch",N/A,N/A,N/A,N/A,13.1,['metal'],1
 2pcs Nylon Watchband Compatible With Apple Watch,N/A,N/A,N/A,N/A,3.0,['nylon'],2
 Nylon Smartwatch Band Compatible With Apple Watch,in Orange Smartwatch Band,#1 Best Sellers,N/A,N/A,3.0,['nylon'],
 Rhinestone Decor Flower Design Watchband Compatible With Apple Watch,N/A,N/A,N/A,N/A,11.0,[],
 1pc Women's Green Nylon Stretch Loop Watch Band For 38/40/41/42/44/45/49mm Apple Watch Series Ultra/se/8/7/6/5/4/3/2/1,N/A,N/A,N/A,N/A,3.9,['nylon'],1
 1pc Black-gray Floral Lace Knitted Nylon Elastic Watch Band Compatible With 1st-9th Apple Watch Series Featuring Braided Design,N/A,N/A,N/A,N/A,3.3,"['nylon', 'elastic', 'braided']",1
" Compatible With Apple Watch Ultra/se/817/6/514/3/2/1, Single-colored Nylon Braided Band Is Available In 45/49/38/40/41/42/44mm Band Width",N/A,N/A,N/A,50+ sold recently,2.78,"['nylon', 'braided']",
" 1pc Unisex Black Fashionable Casual Soft Silicon Sport Watch Band With Butterfly Clasp, Comfortable Adjustable Water-resistant Strap, Compatible With Apple Watch Band 38mm/40mm/41mm/42mm/44mm/45mm/49mm, Compatible With Apple Watch Series Ultra/se/9/8/7/6/5/4/3/2/1 Smart Watch Band Accessory",N/A,N/A,N/A,N/A,2.43,[],1
 1pc Plain PMMA Watchband Compatible With Apple Watch,N/A,N/A,N/A,N/A,5.0,[],1
 Rhinestone Decor Case & Glitter Silicone Watchband Compatible With Apple Watch,N/A,N/A,N/A,N/A,6.15,['silicone'],
 2pcs Set Apricot & Khaki Unisex Sports Waterproof Floral Raised Design Silicone Watch Band Compatible With Apple Watch,N/A,N/A,N/A,N/A,8.2,['silicone'],2
 1pc Leopard Print Silicone Watchband Compatible With Apple Watch,N/A,N/A,N/A,N/A,4.0,['silicone'],1
 Apricot Polyamide Watchband & Case & Protective Film Compatible With Apple Watch 38mm/40mm/41mm/42mm/44mm/45mm,in Apricot Smart Watches & Accs,#8 Best Sellers,N/A,N/A,5.0,['polyamide'],
 1pc Silicone Watchband Compatible With Apple Watch,N/A,N/A,N/A,N/A,2.9,['silicone'],1
